{
  "timestamp": "2026-06-22T23:45:51.948706",
  "dataset_info": {
    "total_samples": 5674,
    "spam_count": 797,
    "ham_count": 4877,
    "spam_ratio": "14.0%"
  },
  "performance_metrics": {
    "accuracy": 0.9753260486429327,
    "precision": 0.9713055954088953,
    "recall": 0.849435382685069,
    "f1_score": 0.9062918340026773,
    "roc_auc": 0.9879516661954341
  },
  "confusion_matrix": {
    "true_negatives": 4857,
    "false_positives": 20,
    "false_negatives": 120,
    "true_positives": 677
  },
  "detailed_metrics": {
    "ham": {
      "precision": 0.9758890898131405,
      "recall": 0.9958991183104368,
      "f1_score": 0.9857925715445505,
      "support": 4877
    },
    "spam": {
      "precision": 0.9713055954088953,
      "recall": 0.849435382685069,
      "f1_score": 0.9062918340026773,
      "support": 797
    }
  }
}